title,location,estimation,viewCount,reviewCount
스시카나에,서울시 강남구 청담동 96-22 노노빌딩 2F,4.8,402012.0,110.0
미라이,서울시 강남구 신사동 557-25 끌레르빌 1F,4.8,524763.0,131.0
시라카와,서울시 강남구 신사동 664-24 1F,4.8,332121.0,75.0
세이류,서울시 송파구 신천동 11-4 B1 B35호,4.8,163681.0,36.0
이안정,서울시 마포구 상수동 315-3 2F 101호,4.8,13697.0,21.0
페리지,서울시 강남구 삼성동 114-40 1F,4.8,60339.0,41.0
"명랑회관
                                    (선릉점)",서울시 강남구 대치동 895-1,4.8,62264.0,58.0
야키토리나루토,서울시 마포구 서교동 403-23,4.8,78498.0,39.0
회현식당,서울시 중구 남창동 205-72,4.8,158036.0,51.0
오제제,서울시 중구 태평로1가 84 B3,4.8,86360.0,73.0
치즈플로,서울시 용산구 한남동 744-2,4.8,122157.0,56.0
상진식감,서울시 강남구 신사동 518-15 B1,4.8,37324.0,46.0
크리스피포크타운,서울 용산구 이태원동 455-33 1F,4.8,39833.0,49.0
멘타카무쇼,서울시 마포구 상수동 316-3,4.8,51203.0,35.0
BAR CHAM,서울시 종로구 통인동 135-5,4.8,113132.0,41.0
"우육면관
                                    (광화문점)",서울시 종로구 청진동 39,4.8,49029.0,47.0
"모던샤브하우스
                                    (광화문D타워점)",서울시 종로구 청진동 246 D타워 리플레이스 광화문 5F,4.8,76867.0,35.0
마리오네,서울시 성동구 성수동2가 269-107 1F,4.8,39628.0,23.0
도이칠란드 박,서울시 성북구 정릉동 372-37 1F,4.8,32995.0,31.0
알라프리마,서울시 강남구 논현동 42-6 1F,4.7,260153.0,88.0
카와카츠,서울시 마포구 서교동 465-1 1F 102호,4.7,218790.0,193.0
마루심,서울시 서초구 반포동 54-10 청구빌딩 1F,4.7,530255.0,223.0
만가타,서울시 종로구 소격동 88-17,4.7,194937.0,55.0
"패티앤베지스
                                    (신사)",서울시 강남구 신사동 525-2 1F,4.7,62721.0,90.0
양인환대극진,서울시 용산구 한강로2가 143-1 1F 104호,4.7,35353.0,18.0
서울케밥,서울시 용산구 한강로2가 15-14 선인상가 1F 11호,4.7,120854.0,110.0
"카와카츠
                                    (합정점)",서울시 마포구 서교동 395-154 1F,4.7,70878.0,83.0
"엘리스리틀이태리
                                    (공덕점)",서울시 마포구 공덕동 476 201동 1F,4.7,110365.0,55.0
호반,서울시 종로구 낙원동 85-7,4.7,269163.0,81.0
"패스트리부티크
                                    (서울신라호텔)",서울시 중구 장충동2가 202 서울신라호텔 1F,4.7,246815.0,108.0
삐아프,서울시 강남구 신사동 525-9 1F,4.7,172619.0,86.0
까폼,서울시 강남구 신사동 655-15 B1,4.7,94427.0,70.0
조이스팔라펠,서울시 용산구 용산동2가 20 보다서울 1F,4.7,31288.0,28.0
스시렌,서울시 강남구 청담동 20-3 2F,4.7,20610.0,17.0
소점,서울시 마포구 연남동 487-278,4.7,136479.0,72.0
미오도쿄다이닝,서울시 성동구 성수동2가 314-13 현대테라스타워 117호,4.7,119437.0,61.0
우주옥,서울시 마포구 연남동 224-6 B02호,4.7,65386.0,43.0
메종조,서울시 서초구 서초동 1476-10 공아트빌딩 1F,4.7,81627.0,30.0
파델라,서울시 마포구 연남동 567-34 1F,4.7,174231.0,67.0
디핀옥수,서울시 성동구 옥수동 244-10 B1,4.7,48814.0,33.0
맛짱조개,서울시 강남구 논현동 114-14,4.7,136672.0,66.0
"카카오봄
                                    (용산점)",서울시 용산구 한강로1가 216-3,4.7,42003.0,43.0
오코노미야키식당하나,서울시 광진구 화양동 31-4,4.7,197369.0,79.0
돌마리유황오리,서울시 송파구 석촌동 252-4,4.7,29476.0,30.0
사브서울,서울시 강남구 신사동 580-5 B1,4.7,26882.0,24.0
밀곳간,서울시 성북구 성북동 63-1,4.7,21367.0,31.0
빈호,서울시 강남구 논현동 108 논현웰스톤 162호,4.7,6844.0,8.0
조앤도슨,서울시 마포구 연남동 254-8 B1,4.7,26307.0,39.0
로랑,서울시 마포구 상암동 15-17 1F,4.7,29497.0,13.0
작은피자집,서울시 동작구 사당동 1029-37 1F,4.7,179141.0,67.0
데시데,서울시 종로구 사간동 41 1F,4.7,3116.0,16.0
화양연가,서울시 용산구 남영동 89-5,4.7,112651.0,45.0
무겐스위치,서울시 마포구 연남동 390-51,4.7,24792.0,27.0
세스타,서울시 용산구 한남동 68-4 1F,4.7,34008.0,13.0
고미태,서울시 마포구 합정동 427-18 1F,4.7,15681.0,28.0
판코네,서울시 용산구 한강로2가 80-2 풍양빌딩 1F,4.7,7250.0,16.0
지우관,서울시 성동구 성수동2가 328-13,4.7,54552.0,25.0
"부촌육회
                                    (별관)",서울시 종로구 종로4가 176-1 1F,4.7,22449.0,37.0
멜드 바이 기치조지,서울시 마포구 합정동 369-15 2F,4.7,21702.0,20.0
메노,서울시 서대문구 연희동 76-19,4.7,23579.0,18.0
한상더테이블,서울시 강남구 청담동 21-7 3F,4.7,7825.0,8.0
야키토리혼바,서울시 용산구 동자동 2-5 3-4F,4.7,2951.0,6.0
BISTROT de YOUNTVILLE,서울시 강남구 청담동 83-6 이안빌딩 1F,4.6,393989.0,157.0
진미평양냉면,서울시 강남구 논현동 115-10,4.6,241797.0,334.0
팔레드 신,서울시 중구 회현동1가 210 레스케이프호텔 6F,4.6,311129.0,107.0
스시코우지,서울시 강남구 논현동 92 SB타워 어넥스B동 3F,4.6,318747.0,97.0
쥬에,서울시 용산구 한남동 3-1,4.6,402394.0,85.0
서관면옥,서울시 서초구 서초동 1675-5,4.6,149349.0,182.0
"스시소라
                                    (광화문점)",서울시 종로구 종로1가 24 르메이에르종로타운 B동 B116 B-1호,4.6,298802.0,75.0
타쿠미곤,서울시 서초구 반포동 107-45 한국회관 2F,4.6,259389.0,62.0
오스테리아 오르조,서울시 용산구 한남동 31-13 2F,4.6,336533.0,189.0
가담,서울시 강남구 신사동 608-8 옥산빌딩,4.6,313879.0,152.0
와라야키 쿠이신보,서울시 강남구 신사동 539 대화빌딩,4.6,462845.0,133.0
껠끄쇼즈,서울시 강남구 대치동 1023-19,4.6,181498.0,149.0
가디록,서울시 강남구 신사동 650-5 2F,4.6,162572.0,69.0
"농민백암왕순대
                                    (강남역점)",서울시 강남구 역삼동 830-9,4.6,542159.0,278.0
팔마,서울시 종로구 필운동 170 1F,4.6,113414.0,47.0
쿠이신보,서울시 마포구 합정동 413-16 2F,4.6,357066.0,129.0
유즈라멘,서울시 중구 만리동1가 53-8,4.6,190688.0,170.0
페어링룸,서울시 강남구 청담동 117-12 1F,4.6,84898.0,97.0
오제제,서울시 용산구 동자동 43-22 1F,4.6,160742.0,108.0
"롸카두들내쉬빌핫치킨
                                    (압구정점)",서울시 강남구 신사동 646-8 1F,4.6,124762.0,115.0
따빠디또 디저트 따빠스바,서울시 관악구 봉천동 1668-21 상가 104호,4.6,92722.0,51.0
부촌육회,서울시 종로구 종로4가 165-11,4.6,298052.0,197.0
카츠바이콘반,서울시 강남구 신사동 647-22,4.6,87747.0,125.0
"차만다
                                    (잠실점)",서울시 송파구 송파동 57-9  반도빌딩 1F,4.6,288012.0,111.0
카레,서울시 성북구 성북동 161-6,4.6,95371.0,96.0
윤밀원,경기도 성남시 분당구 정자동 46-5,4.6,149010.0,96.0
야스노야지로,서울시 용산구 원효로1가 57-9 1F,4.6,203303.0,72.0
리틀빅토리,서울시 마포구 연남동 381-6,4.6,185240.0,133.0
바위파스타바,서울시 용산구 한남동 683-130 B2,4.6,309361.0,56.0
포카치아델라스트라다,서울시 용산구 한강로2가 105-3,4.6,59890.0,69.0
라바즈,서울시 마포구 망원동 379-32 2F,4.6,39207.0,57.0
슬로우치즈,서울시 강남구 청담동 11-1 101호,4.6,162540.0,75.0
Sogak,서울시 강남구 신사동 507-7 1F,4.6,36018.0,51.0
"폴앤폴리나
                                    (광화문점)",서울시 종로구 내수동 74 1F,4.6,382239.0,163.0
꿉당,서울시 서초구 잠원동 12-21 1F,4.6,112858.0,67.0
물랑,서울시 종로구 창성동 87-1 1F,4.6,85646.0,32.0
일리조,서울시 강남구 신사동 643-1 1F,4.6,79653.0,59.0
"우육면관
                                    (청계천점)",서울시 종로구 관철동 11-11,4.6,137179.0,113.0
"매덕스피자
                                    (신사점)",서울시 강남구 신사동 541-11 1F,4.6,111419.0,83.0
프롤라,서울시 성동구 성수동2가 272-35 1F,4.6,40720.0,53.0
야망,서울시 마포구 동교동 204-55,4.6,14121.0,39.0
홋카이도부타동스미레,서울시 서대문구 창천동 5-32,4.6,174148.0,133.0
원디그리노스,서울시 강남구 논현동 116,4.6,21257.0,38.0
쿠나,서울시 성동구 성수동2가 302-8 105호,4.6,198456.0,63.0
담택,서울시 마포구 서교동 381-22 1F,4.6,80863.0,91.0
"오향가
                                    (가락본점)",서울시 송파구 가락동 73-2,4.6,205287.0,121.0
양인환대 정인,서울시 용산구 한강로2가 143-1 2F 104호,4.6,24776.0,11.0
인딕 슬로우,서울시 강남구 신사동 525-4 1F,4.6,167115.0,80.0
미우,서울시 강남구 압구정동 415 미성아파트 B1,4.6,20823.0,16.0
쉐시몽,서울시 마포구 서교동 478-3 동궁빌딩 1F,4.6,149417.0,44.0
시미베,서울시 중구 신당동 247-14 2F,4.6,40095.0,28.0
제스트,서울시 강남구 청담동 88-1 하늘빌딩 1F,4.6,16019.0,28.0
"해목
                                    (논현점)",서울시 강남구 논현동 95-21,4.6,35024.0,38.0
피에트라,서울시 마포구 연남동 375-116 1F,4.6,9543.0,38.0
익스퀴진,서울시 강남구 청담동 63-11 라파빌딩,4.6,61211.0,25.0
할매국밥,부산시 동구 범일동 28-5,4.6,210760.0,99.0
북천,서울시 용산구 한강로3가 65-195,4.6,201801.0,129.0
돈까스전원,서울시 성동구 도선동 201-3,4.6,79602.0,47.0
키겐,서울시 강남구 논현동 93-15 B1,4.6,55054.0,17.0
"바이러닉에스프레소바
                                    (여의도점)",서울시 영등포구 여의도동 17 1F,4.6,35181.0,38.0
내추럴하이,서울시 용산구 이태원동 717 1F,4.6,54035.0,34.0
은하루,서울시 마포구 합정동 391-19,4.6,10398.0,23.0
파이리퍼블릭,서울시 마포구 동교동 147-48 B1,4.6,108588.0,50.0
우오보파스타바,서울시 성동구 성수동2가 299-59 1F,4.6,51289.0,28.0
해방촌 노아,서울시 용산구 용산동2가 1-524,4.6,70367.0,55.0
꾸잉,서울시 용산구 이태원동 123-33 1F,4.6,103196.0,81.0
프롬하노이,서울시 마포구 망원동 57-187 1F,4.6,114558.0,76.0
시칠리,서울시 용산구 한남동 739-20,4.6,43942.0,17.0
센트그릴 BBQ,서울시 서대문구 연희동 188-87 B1,4.6,52582.0,45.0
엘픽,서울시 강남구 청담동 11-12 에스앤에스빌딩 1F,4.6,18446.0,14.0
호시쿠,서울시 강남구 청담동 19-2 1F,4.6,15571.0,18.0
양인환대,서울시 강남구 도곡동 954-16,4.6,60756.0,36.0
"신비갈비살
                                    (본점)",서울시 강남구 신사동 508-9 1F,4.6,94890.0,32.0
레브어,서울시 송파구 송파동 49-5 1F,4.6,59877.0,16.0
수도원,서울시 종로구 동숭동 50-11 B1,4.6,111632.0,62.0
더티스낵,서울시 용산구 이태원동 119-13,4.6,15117.0,33.0
갈로팡,서울시 종로구 계동 99-12 2F,4.6,45665.0,11.0
베이컨시,서울시 관악구 봉천동 1627-10 옥산빌딩 B1,4.6,93476.0,44.0
시키카츠,서울시 중구 신당동 122-9 1F,4.6,56923.0,42.0
연희미식,서울시 서대문구 연희동 188-69 삼원빌딩,4.6,89571.0,50.0
스몰톡,서울시 영등포구 당산동4가 73-9 1F,4.6,15460.0,17.0
알레즈,서울시 용산구 한남동 32-17,4.6,20363.0,15.0
아루히 니와,서울시 영등포구 여의도동 35-5 2F 229-230호,4.6,44282.0,10.0
스시다정,서울시 영등포구 여의도동 43 B1 19호,4.6,12459.0,12.0
밀각,서울시 송파구 가락동 80 성원쌍떼빌101동 116호,4.6,21147.0,28.0
빠사삭튀김포차,서울시 관악구 신림동 1537-13,4.6,141758.0,57.0
무아,서울시 강남구 신사동 561-21 2F,4.6,19928.0,12.0
좋은소식,경기도 수원시 영통구 영통동 48 3F 302호,4.6,121914.0,36.0
광장시장 찹쌀꽈배기,서울시 종로구 종로4가 188 105호,4.6,22243.0,44.0
서평면옥,서울시 동작구 신대방동 395-70 전문건설회관 B1,4.6,28455.0,31.0
일월카츠,서울시 종로구 계동 144-1 1F,4.6,28386.0,27.0
높은산,서울시 성동구 성수동2가 535-2,4.6,25942.0,27.0
콘디토리오븐,서울시 용산구 한남동 64-1 1F 102호,4.6,14549.0,24.0
"쿳사
                                    (연희점)",서울시 서대문구 연희동 100-2 상가 1F 103호,4.6,20579.0,26.0
유가,서울시 중구 회현동1가 117-5,4.6,36675.0,29.0
혜화도담,서울시 종로구 명륜4가 48-2,4.6,136456.0,37.0
풍년 닭도리탕,서울시 중구 북창동 18-7,4.6,58892.0,45.0
칸다소바,서울시 송파구 신천동 29 롯데월드몰 캐주얼동 6F,4.6,29790.0,26.0
"반티엔야오카오위
                                    (강남점)",서울시 서초구 서초동 1317-31 세계빌딩 1F,4.6,65347.0,36.0
이치고,서울시 송파구 잠실동 223-18 1F,4.6,60785.0,15.0
라따뚜이인서울,서울시 용산구 청파동3가 12-2 1F,4.6,15257.0,10.0
밀림,서울시 종로구 창신동 23-663,4.6,15471.0,10.0
볼레티,서울시 서초구 방배동 938-23,4.6,893.0,6.0
시옹마오,서울시 성동구 성수동2가 316-1 3F,4.6,17516.0,18.0
바코,서울시 강서구 마곡동 776-2 제107-2호,4.6,7307.0,12.0
키마라야,서울시 서초구 방배동 755-14 108호,4.6,5852.0,11.0
레우레우,서울시 강남구 신사동 660-17 A동 101호,4.6,4003.0,9.0
고량주관,서울시 종로구 관철동 11-11,4.6,2000.0,7.0
"바우카페
                                    (삼각지점)",서울시 용산구 한강로1가 214 1F,4.6,21939.0,27.0
루비정,서울시 관악구 신림동 10-622 성우아파트상가 1F,4.6,48332.0,28.0
미타스,서울시 용산구 이촌동 301-154,4.6,19044.0,11.0
스시하쿠초,서울시 강남구 역삼동 679 GS강남타워 B1,4.6,4711.0,6.0
쿠시모토,서울시 마포구 연남동 260-26 1F,4.6,12377.0,4.0
칫쵸,서울시 서초구 방배동 797-8 테라스빌딩 2F,4.6,5532.0,4.0
넘버원양꼬치훠궈,서울시 용산구 한남동 79-3 2F,4.6,6658.0,8.0
안테이쿠,서울시 서대문구 창천동 52-156 B1,4.6,17507.0,12.0
쿠시파파,서울시 마포구 연남동 228-39 B1,4.6,10722.0,9.0
고든램지 스트리트버거,서울시 강남구 삼성동 159-7 B1,4.6,652.0,5.0
용산양다리,서울시 용산구 원효로3가 37-2 1F,4.6,4071.0,9.0
바이두부,서울시 용산구 용산동2가 1-467,4.6,16948.0,8.0
효제루,서울시 종로구 효제동 301-2 1F,4.6,707.0,7.0
카츠8,서울시 강남구 삼성동 159-8 파르나스몰 B1,4.6,13290.0,8.0
요이동,서울시 마포구 상수동 88-17,4.6,1810.0,6.0
"오레노라멘
                                    (본점)",서울시 마포구 합정동 361-1,4.5,430315.0,530.0
톡톡,서울시 강남구 청담동 69-5 리유빌딩 3F,4.5,358335.0,172.0
우래옥,서울시 중구 주교동 118-1,4.5,334356.0,478.0
진만두,서울시 마포구 서교동 327-22,4.5,547576.0,273.0
"브라이리퍼블릭
                                    (이태원점)",서울시 용산구 이태원동 63-4,4.5,480412.0,387.0
스와니예,서울시 강남구 신사동 504-11 스튜디오소,4.5,143434.0,91.0
"다로베
                                    (서울숲점)",서울시 성동구 성수동1가 685-208 1F,4.5,319832.0,261.0
산울림1992,서울시 마포구 창전동 5-138,4.5,420436.0,196.0
소금집델리 망원,서울시 마포구 망원동 57-38 2F,4.5,213474.0,239.0
길목,서울시 강남구 삼성동 58-6,4.5,243179.0,146.0
밴건디 스테이크 하우스,서울시 서초구 반포동 94-14,4.5,177475.0,146.0
이치에,서울시 강남구 신사동 656-7 2F,4.5,635766.0,175.0
콴안다오,서울시 강남구 신사동 516-2 1F,4.5,287858.0,227.0
로바타탄요,서울시 강남구 신사동 584-1 109호,4.5,240247.0,96.0
르페셰미뇽,서울시 용산구 이태원동 447-5 2F,4.5,123271.0,116.0
"더파크뷰
                                    (서울신라호텔)",서울시 중구 장충동2가 202 서울신라호텔 1F,4.5,278513.0,171.0
"송화산시도삭면
                                    (본점)",서울시 광진구 자양동 851-20,4.5,126883.0,157.0
젠제로,서울시 강남구 삼성동 10-18 예우빌딩,4.5,64770.0,218.0
디저티스트,서울시 송파구 송파동 33 호수임광아파트 상가동 2F,4.5,50223.0,105.0
야상해,서울시 용산구 이태원동 119-16,4.5,244065.0,161.0
"갓포아키
                                    (도산공원점)",서울시 강남구 신사동 651-5 쿠키빌딩,4.5,445593.0,139.0
당도,서울시 마포구 망원동 414-16,4.5,170829.0,259.0
설눈,서울시 서초구 서초동 1551-9 1F,4.5,72902.0,89.0
세스크멘슬,서울시 성동구 성수동2가 322-20 1F,4.5,133758.0,90.0
칙피스,서울시 강남구 신사동 540-18,4.5,159471.0,190.0
뚝방길 홍차가게,서울시 광진구 자양동 589-20,4.5,45806.0,73.0
토파,서울시 마포구 합정동 369-3 1F,4.5,179508.0,84.0
라구,서울시 용산구 용산동2가 45-4 1F,4.5,237281.0,132.0
"비엘티스테이크
                                    (JW메리어트 호텔 동대문)",서울시 종로구 종로6가 289-3 JW메리어트 호텔 동대문 스퀘어 서울 2F,4.5,253636.0,73.0
어머니대성집,서울시 동대문구 용두동 232-26,4.5,318622.0,158.0
레에스티우,서울시 용산구 한남동 644-19,4.5,32448.0,39.0
"허머스키친
                                    (파르나스몰)",서울시 강남구 삼성동 159-8 파르나스몰 B1 F-26호,4.5,215687.0,133.0
남영돈,서울시 용산구 남영동 52-2,4.5,115288.0,81.0
"서울수퍼
                                    (봉천지점)",서울시 관악구 봉천동 1527-1 2F,4.5,67333.0,93.0
"이치류
                                    (홍대본점)",서울시 마포구 서교동 395-124,4.5,470726.0,127.0
임프레션,서울시 강남구 신사동 649-7 5F,4.5,53234.0,32.0
올레무스,서울시 서대문구 연희동 220-40,4.5,74439.0,78.0
"아리아
                                    (서울 웨스틴조선호텔)",서울시 중구 소공동 87-1 서울 웨스틴조선호텔,4.5,145598.0,67.0
뉴욕택시디저트,서울시 관악구 봉천동 1664-16 1F,4.5,119831.0,112.0
허브족발,서울시 영등포구 당산동6가 302 2F,4.5,248951.0,172.0
"호가양꼬치
                                    (직영5호점)",서울시 종로구 수송동 71-1,4.5,215138.0,84.0
오죽이네,서울시 종로구 익선동 156,4.5,338414.0,153.0
코슌,서울시 강남구 신사동 626-71 2F,4.5,44200.0,24.0
소이연남마오,서울시 강남구 신사동 665-9 1-2F,4.5,199725.0,76.0
스탠바이키친,서울시 서대문구 대신동 91-15,4.5,147690.0,153.0
미성옥,서울시 중구 명동1가 54-6 1F,4.5,289408.0,132.0
키오스크,서울시 마포구 망원동 57-194 2F,4.5,128870.0,114.0
부빙,서울시 종로구 부암동 254-2,4.5,58259.0,95.0
우동가조쿠,서울시 성동구 행당동 32-22,4.5,136640.0,158.0
샐러드셀러,서울시 용산구 한남동 684-24,4.5,243544.0,121.0
원스타 올드패션드 햄버거,서울시 강남구 도곡동 424-11,4.5,65972.0,80.0
흐비지떼,서울시 강남구 삼성동 115-45 1F,4.5,22377.0,32.0
고갯마루집,서울시 강남구 역삼동 725-12,4.5,225299.0,140.0
"야키토리묵
                                    (신사점)",서울시 강남구 신사동 512-11 B1,4.5,25624.0,20.0
키세츠스시,서울시 서초구 방배동 451-2 1F,4.5,41676.0,18.0
르뱅룰즈,서울시 강남구 삼성동 8-2 브라운스톤레전드 105호,4.5,23047.0,42.0
영동장어,서울시 강남구 논현동 98-8 B1,4.5,51342.0,39.0
논데,서울시 종로구 관수동 98-1  하이뷰디아트 2F,4.5,29498.0,20.0
"찰스에이치
                                    (포시즌스호텔 서울)",서울시 종로구 당주동 30 포시즌스호텔 서울 B1,4.5,146766.0,66.0
발렁스,서울시 성동구 성수동2가 310-17,4.5,67157.0,63.0
멘야준,서울시 마포구 서교동 465-2,4.5,80124.0,99.0
스시 윤슬,서울시 서초구 서초동 1554-5 B101호,4.5,53560.0,18.0
러시아케익,서울시 중구 광희동1가 134,4.5,86747.0,85.0
"차만다
                                    (서울숲점)",서울시 성동구 성수동1가 685-480,4.5,97399.0,52.0
"오레노라멘
                                    (송파점)",서울시 송파구 송파동 42-6 1F,4.5,97695.0,116.0
시키카츠,서울시 동대문구 회기동 60-147 1F,4.5,122322.0,76.0
디템포레,서울시 용산구 한남동 199-1 1F,4.5,18563.0,20.0
오월의김밥,서울시 관악구 봉천동 1657-21 102호,4.5,123169.0,96.0
후니도니,서울시 종로구 종로1가 24 르메이에르종로타운 B1,4.5,156425.0,107.0
공푸,서울시 성북구 삼선동5가 299-10,4.5,111717.0,101.0
매튜,서울시 성동구 성수동2가 256-3 1F,4.5,12328.0,15.0
"백부장집닭한마리
                                    (본점)",서울시 종로구 공평동 129,4.5,173281.0,109.0
쿄라멘,서울시 마포구 연남동 385-4,4.5,44850.0,67.0
누메로뜨레쓰,서울시 성동구 성수동1가 656-1661 1F,4.5,59572.0,47.0
"오츠커피
                                    (마포점)",서울시 마포구 상수동 328-2,4.5,59000.0,55.0
플록,서울시 광진구 자양동 769-12 광석빌딩 1F,4.5,23230.0,23.0
피제리아호키포키,서울시 서초구 서초동 1485-12 1F,4.5,54581.0,57.0
캘리포니아키친앤크래프트펍,서울시 용산구 이태원동 212-24 라인빌 2F,4.5,55401.0,39.0
크레미엘,서울시 서초구 양재동 80-14 디와이빌딩 1F,4.5,16902.0,28.0
"버거파크
                                    (혜화점)",서울시 종로구 명륜4가 101-2 1F,4.5,143295.0,118.0
더마칸,서울시 송파구 방이동 98-6 1F,4.5,51653.0,33.0
리사르커피로스터스,서울시 중구 신당동 366-32,4.5,45604.0,58.0
"홍연
                                    (서울 웨스틴조선호텔)",서울시 중구 소공동 87-1 서울 웨스틴조선호텔 LLF,4.5,58935.0,27.0
남박,서울시 용산구 남영동 93-2,4.5,50023.0,34.0
"오레노라멘
                                    (인사점)",서울시 종로구 안국동 159 1F,4.5,118654.0,97.0
키즈나,서울시 종로구 소격동 159,4.5,46075.0,14.0
"제스티살룬
                                    (연남점)",서울시 마포구 연남동 383-93 연남빌딩 B1,4.5,36416.0,56.0
멕시코식당,서울시 마포구 합정동 366-7 1F,4.5,34663.0,55.0
고메램,서울시 강남구 삼성동 155-13 송영빌딩 2F,4.5,83713.0,47.0
하나라멘,서울시 마포구 연남동 390-44 1F,4.5,26277.0,46.0
바마셀,서울시 용산구 원효로1가 38-3,4.5,21205.0,34.0
당도,서울시 성동구 성수동1가 656-320 2F,4.5,49469.0,56.0
"마루심
                                    (마포점)",서울시 마포구 용강동 51-3 성진빌딩 1F,4.5,112504.0,51.0
앙띠크,서울시 서초구 서초동 1660-1,4.5,22642.0,37.0
코메아벨렘,서울시 마포구 연남동 227-15 1F,4.5,35284.0,49.0
"도마유즈라멘
                                    (안국점)",서울시 종로구 재동 84-6,4.5,30701.0,45.0
428 레스토랑,서울시 강남구 삼성동 113-5 호텔 크레센도 1F,4.5,32939.0,21.0
아키비스트,서울시 종로구 효자동 164-7 1F,4.5,40522.0,56.0
"더그레이트홍연
                                    (조선팰리스점)",서울시 강남구 역삼동 676 조선팰리스 서울강남 F36,4.5,11106.0,11.0
"카리
                                    (분당정자카페점)",경기도 성남시 분당구 정자동 13-1 동양정자파라곤 105동 B1,4.5,95165.0,42.0
운봉산장양고기전문점,서울시 동작구 노량진동 309-18,4.5,91156.0,52.0
뽀르께노 스페니쉬비스트로,서울시 성북구 동소문동2가 33 1F,4.5,13252.0,13.0
기노,서울시 마포구 도화동 204-1 1F,4.5,98711.0,35.0
"우제홍참치
                                    (논현본점)",서울시 강남구 논현동 164-16 2F,4.5,67342.0,29.0
이리에라멘,서울시 마포구 합정동 372-30 1F,4.5,6941.0,26.0
옥토스,서울시 서초구 서초동 1302-34 1F,4.5,62597.0,15.0
해남낙지,서울시 중구 을지로6가 18-74 연동빌딩 B1,4.5,87877.0,43.0
푸에고,서울시 용산구 한남동 274-13,4.5,34778.0,14.0
주파카,서울시 용산구 한남동 684-49 1F,4.5,20939.0,13.0
"왕스덕
                                    (논현점)",서울시 강남구 논현동 4-18 하림타워 B1,4.5,53308.0,22.0
성수 수집,서울시 성동구 성수동1가 656-1872 1F,4.5,18815.0,8.0
로바타라이브라,서울시 강남구 청담동 19-19 1F,4.5,23306.0,13.0
모트32,서울시 서초구 반포동 19-3 2F,4.5,36048.0,10.0
양재초밥,서울시 강남구 도곡동 450 102호,4.5,50772.0,31.0
"락희안
                                    (본점)",서울시 서대문구 남가좌동 336-20 1-2F,4.5,29896.0,19.0
아소토,서울시 마포구 합정동 371-1 1F,4.5,47122.0,22.0
시홍쓰,서울시 광진구 화양동 94-1 1F,4.5,45797.0,23.0
PIZZA PIZZA,서울시 강남구 역삼동 658-21 1F,4.5,14211.0,10.0
만감,서울시 동대문구 장안동 139-23 1F,4.5,3797.0,6.0
모멍데모시옹,서울시 서초구 서초동 1473-1,4.5,19205.0,18.0
웨스트사이드,서울시 마포구 망원동 409-11,4.5,21364.0,20.0
멜로즈,서울시 마포구 아현동 618-19 103호,4.5,3747.0,16.0
이도,서울시 강남구 역삼동 747-14 1F,4.5,47923.0,18.0
계인전 보타니카,서울시 강남구 신사동 526-3 1F,4.5,2099.0,10.0
물고기초밥,서울시 마포구 서교동 396-28,4.5,27001.0,27.0
이한진숙성회,서울시 강동구 천호동 393-14,4.5,29175.0,20.0
그리스마스,서울시 마포구 연남동 383-82 B1,4.5,6380.0,8.0
"비스테까
                                    (신세계백화점 강남점)",서울시 서초구 반포동 19-3 신세계백화점 강남점 B1,4.5,35607.0,29.0
"남대문막내횟집
                                    (광교점)",서울시 종로구 관철동 263,4.5,13276.0,12.0
롱보트스모커,서울시 서대문구 연희동 121-7 1F,4.5,17180.0,12.0
능동미나리,서울시 용산구 한강로2가 148-6,4.5,1355.0,5.0
히비카레빵집,서울시 마포구 연남동 487-213 1F,4.5,2337.0,8.0
"심퍼티쿠시
                                    (용산점)",서울시 용산구 한강로2가 31 1F,4.3,9313.0,10.0
"갓포아키
                                    (서래마을점)",서울시 서초구 방배동 1-138 2F,4.5,12646.0,8.0
밸런스포케,서울시 성동구 성수동1가 668-41 1F,4.5,4554.0,7.0
스트로베리32,서울시 성동구 성수동1가 656-395 2F,4.5,5251.0,6.0
"야끼니꾸소량 (휴업중)
                                    (이태원점)",서울시 용산구 이태원동 132-15 1F,4.5,3239.0,4.0
도림186,서울시 영등포구 도림동 186-9,4.5,6848.0,10.0
김씨마구로,서울시 강남구 역삼동 676,4.5,512.0,4.0
비야게레로,서울시 강남구 삼성동 118-21 101호,4.4,204001.0,342.0
파씨오네,서울시 강남구 신사동 646-23,4.4,534592.0,153.0
뉴질랜드스토리,서울시 송파구 송파동 32-1 경남레이크파크 113호,4.4,349824.0,281.0
꼼다비뛰드,서울시 강남구 역삼동 622-2,4.4,279919.0,160.0
금돼지식당,서울시 중구 신당동 370-69,4.4,226223.0,204.0
"지아니스나폴리
                                    (역삼 본점)",서울시 강남구 역삼동 669-18 B1,4.4,382247.0,295.0
카밀로라자네리아,서울시 마포구 서교동 382-13,4.4,386845.0,249.0
엘리스리틀이태리,서울시 송파구 송파동 8 SANDONG빌딩,4.4,455380.0,245.0
골드피쉬딤섬퀴진,서울시 강남구 신사동 657-5 투구빌딩 2F,4.4,334868.0,257.0
정돈 프리미엄,서울시 강남구 신사동 519-4,4.4,186212.0,230.0
중앙해장,서울시 강남구 대치동 996-16 육인빌딩,4.4,433087.0,318.0
봉밀가,서울시 강남구 삼성동 8-1 건설빌딩,4.4,75408.0,135.0
밍글스,서울시 강남구 청담동 94-6 힐탑빌딩 2F,4.4,120901.0,75.0
장스테이크,서울시 강남구 신사동 639 요한빌딩 5F,4.4,387317.0,151.0
보니스피자펍,서울시 용산구 용산동2가 44-19,4.4,308155.0,459.0
스시아라타,서울시 영등포구 여의도동 34-8 B1 B124호,4.4,319773.0,52.0
을지면옥 (휴업중),서울시 중구 입정동 161,4.4,248511.0,326.0
팩피,서울시 성동구 성수동1가 656-947 102호,4.4,339303.0,160.0
"길버트버거앤프라이즈
                                    (가로수길점)",서울시 강남구 신사동 545-3 B1,4.4,271883.0,305.0
"아리아께
                                    (서울신라호텔)",서울시 중구 장충동2가 202 서울신라호텔 2F,4.4,216893.0,56.0
경천애인 2237,서울시 강남구 삼성동 142-46 암천빌딩 3F,4.4,526096.0,164.0
스시키,서울시 강남구 역삼동 683-2 운경빌딩 1F,4.4,204521.0,47.0
"롸카두들내쉬빌핫치킨
                                    (이태원점)",서울시 용산구 이태원동 449-1 1F,4.4,174884.0,187.0
루엘드파리,서울시 서초구 서초동 1445-13 서초쌍용플래티넘 112호,4.4,147830.0,180.0
Osso파스타,서울시 종로구 동숭동 129-130,4.4,164670.0,85.0
소금집델리 안국,서울시 종로구 계동 101-12 1F,4.4,111076.0,167.0
두만강샤브샤브,서울시 관악구 봉천동 1627-2 102호,4.4,192285.0,168.0
"주옥
                                    (더 플라자)",서울시 중구 태평로2가 23 더 플라자 3F,4.4,162239.0,47.0
"포비
                                    (합정점)",서울시 마포구 합정동 426-18,4.4,105011.0,156.0
한아람,서울시 송파구 방이동 180-7 지산빌딩 2F,4.4,149998.0,55.0
"하시엔다
                                    (본점)",서울시 용산구 이태원동 128-15 1F,4.4,241037.0,221.0
136길육미,서울시 강남구 논현동 107-34 2F,4.4,137760.0,121.0
"포비 
                                    (Gwanghwamun)",서울시 종로구 청진동 246 디타워 1F 21호,4.3,143205.0,209.0
다츠,서울시 용산구 한남동 744-5 1F,4.4,144381.0,162.0
"매덕스피자
                                    (본점)",서울시 용산구 이태원동 129-9 2F,4.4,194601.0,264.0
"육전식당
                                    (4호점)",서울시 강남구 역삼동 823-10 신도빌딩 1F,4.4,236987.0,150.0
빠넬로,서울시 마포구 서교동 400-22 건우상가주택,4.4,234293.0,147.0
야키토리묵,서울시 마포구 연남동 223-102 1F,4.4,122859.0,48.0
소울브레드,서울시 서초구 우면동 59 동양상가,4.4,202822.0,112.0
"지노스뉴욕피자
                                    (이태원본점)",서울시 용산구 이태원동 457-3 2F,4.4,149345.0,187.0
교다이야,서울시 마포구 합정동 370-8 합정빌딩 1F,4.4,146652.0,200.0
"더라이브러리
                                    (서울신라호텔)",서울시 중구 장충동2가 202 서울신라호텔 1F,4.4,198423.0,156.0
권숙수,서울시 강남구 청담동 92-18 4F,4.4,127275.0,38.0
"육전식당
                                    (1호점)",서울시 동대문구 신설동 104-3,4.4,361490.0,197.0
태양커피,서울시 서초구 방배동 851-18 1F,4.4,68547.0,155.0
새들러하우스,서울시 강남구 신사동 561-8 B1,4.4,76108.0,118.0
"핏제리아오
                                    (본점)",서울시 종로구 동숭동 31-37 3F,4.4,175098.0,209.0
네키드윙즈,서울시 용산구 이태원동 34-8,4.4,127055.0,156.0
르솔레이,서울시 서대문구 연희동 192-4,4.4,65068.0,106.0
마시타야,서울시 마포구 서교동 333-16,4.4,146179.0,132.0
복덕방,서울시 마포구 망원동 414-14 1F,4.4,288123.0,114.0
라오삐약,서울시 마포구 망원동 396-27,4.4,134113.0,120.0
바게트K,서울시 강남구 역삼동 723-30,4.4,69287.0,85.0
"몽중헌
                                    (방이점)",서울시 송파구 방이동 44-5 S타워 20-21F,4.4,254848.0,85.0
대우부대찌개,서울시 강남구 역삼동 641-18,4.4,243526.0,202.0
"파네트크루아상팩토리
                                    (광화문점)",서울시 종로구 내수동 71 경희궁의아침 1F,4.4,209122.0,122.0
마하차이,서울시 성동구 성수동2가 339-22 2F,4.4,128716.0,94.0
"농민백암순대
                                    (본점)",서울시 강남구 대치동 896-33,4.4,370545.0,206.0
르프리크,서울시 성동구 성수동2가 302-8 블루스톤타워 B103호,4.4,46180.0,85.0
명봉반점,서울시 광진구 자양동 4-1 광진빌딩,4.4,224703.0,131.0
"스시금강 (휴업중)
                                    (서초점)",서울시 서초구 서초동 1603-69 부속12상가 106호,4.4,16367.0,19.0
라무라,서울시 마포구 합정동 395-16 1F,4.4,97387.0,100.0
시고로,서울시 강남구 청담동 21-14 2F,4.4,50730.0,40.0
퍼블리코타코,서울시 관악구 봉천동 1626-12 1F,4.4,117516.0,128.0
"스파카나폴리
                                    (본점)",서울시 마포구 합정동 413-2 2F,4.4,185267.0,190.0
누메로도스,서울시 성동구 성수동1가 656-1021,4.4,173006.0,108.0
최강금돈까스,서울시 마포구 합정동 388-15,4.5,44153.0,78.0
와려,서울시 강남구 대치동 950-11 2F 2호,4.4,46409.0,21.0
혼네,서울시 마포구 연남동 227-4,4.4,181154.0,157.0
"더라운드
                                    (삼성점)",서울시 강남구 삼성동 78 삼안빌딩 1F,4.4,34809.0,31.0
"뽕나무쟁이
                                    (선릉본점)",서울시 강남구 대치동 896-5 1F,4.4,216689.0,255.0
독도16도,서울시 종로구 청운동 59-5 1F,4.4,24941.0,17.0
맷차,서울시 중구 명동1가 37-1,4.4,69169.0,82.0
스미카,서울시 강남구 신사동 666-28 1F,4.4,8782.0,14.0
도취,서울시 종로구 누상동 53-1 누상빌라 B1,4.4,75692.0,56.0
원조 조박집,서울시 마포구 용강동 40-1,4.4,213706.0,124.0
"라뚜셩트
                                    (혜화점)",서울시 종로구 동숭동 5-7 1F,4.4,60068.0,65.0
원조할아버지손두부,서울시 광진구 구의동 26-15 1F,4.4,126357.0,90.0
덕후선생,서울시 강남구 청담동 85-2 5F,4.4,44410.0,57.0
춘향미엔,서울시 성동구 행당동 299-1 1F,4.4,166228.0,104.0
고든램지버거,서울시 송파구 신천동 29 롯데월드몰 B1,4.4,26342.0,55.0
공기식당,서울시 종로구 통인동 46-5 1F,4.4,129543.0,90.0
카밀로한남,서울시 용산구 한남동 32-48 3F,4.4,76154.0,39.0
"딤딤섬
                                    (센트럴시티점)",서울시 서초구 반포동 19-3 센트럴시티 호남선 하차장 2F,4.4,54475.0,56.0
옥수동 화덕피자,서울시 성동구 옥수동 285-60 2F,4.4,78301.0,84.0
망원동즉석우동,서울시 마포구 망원동 386-4,4.4,124310.0,135.0
시멘트,서울시 용산구 한남동 684-65,4.4,65389.0,28.0
"테일러커피
                                    (신사점)",서울시 강남구 신사동 521-17 1F,4.4,60596.0,103.0
스시하나레,서울시 강남구 청담동 97-8 102호,4.4,13258.0,19.0
"리북집
                                    (본점)",서울시 강남구 논현동 163-3,4.4,140836.0,194.0
재인,서울시 용산구 한남동 683-47 2F,4.4,15256.0,38.0
티크닉,서울시 마포구 연남동 250-5,4.4,128405.0,67.0
애성회관 한우곰탕,서울시 중구 북창동 93-36 세창빌딩 1F,4.4,283261.0,154.0
"매운향솥
                                    (본점)",서울시 광진구 자양동 9-33,4.4,155787.0,144.0
우정초밥,서울시 성북구 종암동 33-14 1F,4.4,71725.0,36.0
호수집,서울시 중구 중림동 61-4,4.4,185556.0,114.0
독일주택,서울시 종로구 명륜4가 45-1,4.4,252964.0,117.0
"차알
                                    (파미에스테이션)",서울시 서초구 반포동 118-3 파미에스테이션 2F,4.4,122573.0,97.0
노스티모,서울시 서초구 방배동 880-14 201호,4.4,32429.0,33.0
핀즈,서울시 성수동 성수동1가 656-80 2F,4.4,34446.0,30.0
"육회자매집
                                    (2호점)",서울시 종로구 종로4가 177 제우빌딩,4.4,90073.0,181.0
파오파오,서울시 송파구 잠실동 205-16,4.4,350231.0,189.0
김진목삼,서울시 종로구 필운동 154 1F,4.4,163587.0,106.0
주신당,서울시 중구 흥인동 63,4.4,39335.0,32.0
로우키,서울시 성동구 성수동2가 302-16,4.4,47713.0,59.0
구테로이테,서울시 강남구 논현동 112-19,4.4,12203.0,47.0
무교동북어국집,서울시 중구 다동 173,4.4,156090.0,133.0
윤,서울시 서초구 반포동 68-1 Willus 빌딩 2F,4.4,115665.0,40.0
양키통닭,서울시 영등포구 문래동2가 49-1,4.4,131109.0,93.0
오츠커피,서울시 용산구 원효로1가 48-8,4.4,62147.0,78.0
퀜치커피,서울시 마포구 서교동 480-12 1F,4.4,39430.0,62.0
"다만프레르
                                    (서울파이낸스센터)",서울시 중구 태평로1가 84 B1 107호,4.4,123943.0,97.0
백송,서울시 중구 신당동 248-32 1F,4.4,87590.0,44.0
외고집설렁탕,서울시 강남구 삼성동 120-8 알앤텍빌딩 1F,4.4,188134.0,147.0
뮤땅,서울시 용산구 한남동 653-103 2F,4.4,29183.0,23.0
스시온도,서울시 은평구 응암동 113-35 에필리움 1F,4.4,32993.0,23.0
우육미,서울시 중구 신당동 250-15,4.4,56744.0,35.0
콰이어트 크림티,서울시 송파구 삼전동 2-4,4.4,64202.0,60.0
"어물전 청
                                    (도산공원점)",서울시 강남구 신사동 653-9 1-2F,4.4,34861.0,20.0
로향양꼬치,서울시 관악구 봉천동 1601-10 푸르빌아파트,4.4,158209.0,108.0
로우커피스탠드,서울시 성동구 성수동1가 8-16 1F,4.4,132275.0,89.0
아꽁뜨,서울시 마포구 연남동 225-50 1F,4.4,28953.0,37.0
나정순할매쭈꾸미,서울시 동대문구 용두동 119-20,4.4,126702.0,130.0
코지마,서울시 강남구 청담동 89 분더샵청담점 6F,4.4,45183.0,25.0
세야스시,서울 강남구 청담동 20-20,4.4,81070.0,27.0
헤키,서울시 마포구 망원동 57-135 1F,4.4,48953.0,86.0
압구정공주떡집,서울시 강남구 신사동 569-31,4.4,288097.0,125.0
강남진해장,서울시 강남구 역삼동 819-4,4.4,190295.0,93.0
라미아파밀리아,서울시 송파구 잠실동 331-12,4.4,64327.0,23.0
코바시,서울시 마포구 합정동 392-12,4.4,29307.0,14.0
"갓포아키
                                    (삼성점)",서울시 강남구 대치동 995-16 글래드코엑스센터 B2,4.4,142615.0,54.0
우동 이요이요,서울시 마포구 용강동 26-37,4.4,38177.0,34.0
앨리스프로젝트,서울시 서초구 양재동 95-10 1F,4.4,9594.0,20.0
한남동한방통닭,서울시 용산구 한남동 618-6,4.4,122636.0,88.0
멕시칼리,서울시 광진구 능동 256-8 1F,4.4,33157.0,38.0
송계옥,서울시 송파구 방이동 93 103-104호,4.4,37999.0,29.0
산동만두,서울시 마포구 도화동 327-1,4.4,71288.0,28.0
평안도족발집,서울시 중구 장충동1가 62-16,4.4,101854.0,86.0
멘지라멘,서울시 마포구 망원동 378-6 1F 103호,4.4,31020.0,60.0
효계,서울시 강남구 신사동 541-6 1F,4.4,60147.0,23.0
제주성산포바당,서울시 서초구 서초동 1569-13,4.4,25441.0,17.0
하노이102,서울시 성동구 성수동1가 668-18,4.4,98604.0,68.0
무학,서울시 중구 신당동 472,4.4,61616.0,30.0
"강정이넘치는집
                                    (청담점)",서울시 강남구 청담동 46-16,4.4,43395.0,29.0
스쿠퍼,서울시 종로구 통인동 158 1F,4.4,27437.0,65.0
반쌥,서울시 양천구 신정동 1003-7 1F,4.4,21253.0,26.0
"진짜해장국 대화정
                                    (본점)",서울시 중구 을지로6가 18-85 1F,4.4,75642.0,62.0
구들,서울시 강남구 신사동 657-17 3F,4.4,21654.0,11.0
"비파티세리
                                    (공덕점)",서울시 마포구 공덕동 105-67 1F,4.4,35479.0,55.0
박소린두깜풍,서울시 용산구 이태원동 130-5 2F,4.4,38757.0,36.0
"알라보
                                    (강남역점)",서울시 강남구 역삼동 648-9 강남N타워 1F,4.4,87187.0,73.0
제주연탄집,서울시 중구 충무로4가 134-2,4.4,6381.0,26.0
"포비브라이트
                                    (광화문점)",서울시 종로구 신문로1가 115 콘코디언빌딩 1F,4.4,44076.0,50.0
팟카파우,서울시 용산구 용산동2가 1-510 신흥시장 2F,4.4,28619.0,26.0
"레이지버거클럽
                                    (부암점)",서울시 종로구 부암동 254-7,4.4,55442.0,51.0
하쿠시,서울 용산구 한남동 60-76 2F,4.4,25599.0,18.0
"은화계
                                    (도산대로점)",서울시 강남구 논현동 6-3 1F,4.4,26911.0,25.0
"더 마고 그릴
                                    (JW메리어트 호텔 서울)",서울시 서초구 반포동 19-3 JW메리어트 호텔 서울 7F,4.4,80442.0,21.0
톤티커피,서울시 종로구 재동 85-1,4.4,13117.0,29.0
스시하쿠야,서울시 노원구 상계동 397-5 2F,4.4,27006.0,9.0
디핀,서울시 중구 흥인동 63 1F,4.4,22278.0,22.0
그곁,서울시 송파구 송파동 51-9 1F,4.4,27679.0,16.0
진영면옥,서울시 금천구 독산동 162-10,4.4,16537.0,25.0
"FOURB
                                    (용산점)",서울시 용산구 한강로3가 40-999 리빙파크 4F,4.4,26986.0,40.0
"돈불리제담
                                    (가로수길점)",서울시 강남구 신사동 510-11 강남상가 1F,4.4,45731.0,24.0
선호커피로스터스,서울시 송파구 송파동 103-9 1F,4.4,5920.0,11.0
천진분식,서울시 서대문구 대현동 56-24 1F,4.4,51324.0,47.0
KEEM HANNAM,서울시 용산구 한남동 727-4 1F,4.4,39478.0,27.0
프로토콜,서울시 서대문구 연희동 137-1 2F,4.4,5446.0,23.0
이타닉가든,서울시 강남구 역삼동 676 조선팰리스 36F,4.4,12293.0,8.0
나주곰탕하얀집,전라남도 나주시 중앙동 48-17,4.4,83285.0,75.0
가조쿠,서울시 성동구 성수동2가 316-77 1F,4.4,64050.0,49.0
부산복국 고래고기,서울시 용산구 남영동 82-3 2F,4.4,13957.0,12.0
라뿔,서울시 송파구 송파동 20-11,4.4,16320.0,25.0
리플레토레,서울시 마포구 망원동 385-2 1F,4.4,15981.0,18.0
Osteria Ora,서울시 마포구 서교동 468-17 1F,4.4,36895.0,33.0
"서동한우
                                    (강남점)",서울시 서초구 서초동 1327-29 서초파라곤 2F,4.4,72345.0,20.0
스시이타루,서울시 강남구 신사동 640-13 1F,4.4,5629.0,9.0
신숙,서울시 서초구 서초동 1709-2 이정빌딩,4.4,60640.0,48.0
핫쵸,서울시 강남구 신사동 544-5 B1,4.4,24762.0,26.0
비스트로앤트로,서울시 강남구 신사동 567-25 1F,4.4,12824.0,15.0
뷔봉,서울시 용산구 원효로1가 51-2 B1,4.4,8811.0,13.0
"FOURB
                                    (강남점)",서울시 서초구 반포동 118-3 1F FP106호,4.4,27175.0,21.0
송화양꼬치,서울시 광진구 자양동 11-2,4.4,32703.0,37.0
티하우스하다,서울시 강남구 청담동 16 1F,4.4,7060.0,6.0
윤서울,서울시 마포구 서교동 346-50 1F,4.4,20580.0,13.0
"더백테라스
                                    (신용산역점)",서울시 용산구 한강로2가 147 3F,4.4,47061.0,37.0
방방,서울시 용산구 용산동2가 1-684 내제 1-2F,4.4,6036.0,12.0
"자이온
                                    (등촌점)",서울시 강서구 염창동 273-30,4.4,14979.0,33.0
세몰리나클럽,서울시 용산구 용산동2가 22-12 1F,4.4,4930.0,14.0
쎄니에,서울시 용산구 원효로1가 51-3 1F,4.4,13911.0,17.0
봉쥬르스고이,서울시 용산구 이태원동 225-170 B1,4.3,5445.0,14.0
최가네버섯샤브매운탕칼국수,서울시 강남구 신사동 655,4.4,57140.0,45.0
대성반점,서울시 강동구 천호동 312-15,4.4,16664.0,15.0
한우물,서울시 용산구 이태원동 63-6 1F,4.4,18217.0,12.0
오마,서울시 마포구 연남동 387-13 2F,4.4,21587.0,26.0
레아,서울시 강남구 도곡동 449-1,4.4,19657.0,20.0
하나샤부정,서울시 강남구 삼성동 147-13,4.4,106183.0,39.0
하우스바이콘반,서울시 동작구 사당동 1041-25 1F,4.4,11165.0,20.0
엘까페씨또바,서울시 중구 신당동 353-120 1F,4.4,5635.0,16.0
PDR,서울시 강남구 논현동 116-1 2F,4.4,15784.0,12.0
"중국
                                    (본점)",서울시 종로구 청운동 59-1,4.4,17887.0,15.0
"클랩피자
                                    (청담점)",서울시 강남구 신사동 648-24 1F,4.4,19240.0,41.0
야키토리파노,서울시 강남구 신사동 657-40 1F,4.4,24178.0,9.0
"로바
                                    (더현대서울점)",서울시 영등포구 여의도동 22 더현대서울 6F,4.4,69407.0,12.0
커피인쇄소,서울시 중구 필동1가 3-16 2F,4.4,6464.0,13.0
코지빌라커피,서울시 용산구 이태원동 74-45,4.4,14384.0,35.0
생생아구,서울시 송파구 잠실동 198-1,4.4,21468.0,12.0
경주원조콩국,경상북도 경주시 황남동 142-2,4.4,43371.0,28.0
"김진목삼
                                    (2호점)",서울시 종로구 체부동 68,4.4,32682.0,24.0
우밀면옥,서울시 강남구 역삼동 701,4.4,42066.0,27.0
상석,서울시 강남구 신사동 566-22,4.4,16291.0,8.0
"청우참치
                                    (신사본점)",서울시 강남구 신사동 511-6,4.4,55049.0,22.0
북해도목장,서울시 강남구 논현동 143-12,4.4,26589.0,20.0
도우대디,서울시 중구 신당동 375-3,4.4,4664.0,11.0
우리콩순두부,서울시 강북구 우이동 182-3,4.4,12156.0,9.0
우리콩순두부,서울시 강북구 우이동 182-3,4.4,12157.0,9.0
온정,서울시 마포구 연남동 387-15 1F,4.4,88658.0,44.0
남부,서울시 서초구 서초동 1458-10,4.4,7932.0,14.0
영천선비,서울시 동대문구 회기동 60-42 1F,4.4,3717.0,6.0
책바,서울시 서대문구 연희동 188-71 101호,4.4,46126.0,28.0
나이스타임2,서울시 중구 다동 115 스몰하우스 빅도어 1F,4.4,17511.0,17.0
부일갈비,서울시 영등포구 영등포동3가 23-11,4.4,31622.0,15.0
3대삼계장인,서울시 서초구 서초동 1557-17 1F,4.4,73324.0,29.0
정리의밤,서울시 서대문구 연희동 132-83,4.4,11199.0,12.0
도우큐먼트,서울시 중구 충무로2가 49-6,4.4,3171.0,11.0
삼월황,서울시 마포구 상수동 315-7 301호,4.4,1858.0,7.0
쿠시아게진,서울시 강남구 청담동 19-36 4F,4.4,6683.0,6.0
"농민백암순대
                                    (시청직영점)",서울시 중구 북창동 19-4,4.4,44145.0,44.0
동순각,서울시 영등포구 영등포동2가 34-58,4.4,3146.0,9.0
"허리헝그리
                                    (더현대서울)",서울시 영등포구 여의도동 22 더현대서울,4.4,19248.0,23.0
오마치슌,서울시 강남구 대치동 900-18 1F,4.4,20540.0,15.0
"무궁화
                                    (롯데호텔서울)",서울시 중구 소공동 1 롯데호텔서울 본관 38F,4.4,30126.0,10.0
브레덴버거,서울시 강남구 대치동 924 CNK 103호,4.4,4368.0,12.0
래디컬브루잉클럽,서울시 동대문구 제기동 137-75 1F,4.4,1690.0,8.0
초라멘,서울시 광진구 화양동 16-28 1F,4.4,27186.0,24.0
남한강민물매운탕,서울시 광진구 화양동 24-44,4.4,28545.0,18.0
"유어네이키드치즈
                                    (성수점)",서울시 성동구 성수동1가 656-439 1F,4.4,16597.0,16.0
쏭타이,서울시 강남구 역삼동 664-32 옥산빌딩 1F 102호,4.4,57593.0,22.0
신사치킨클럽 (휴업중),서울시 강남구 신사동 520-1 1F,4.4,31673.0,17.0
서보,서울시 송파구 송파동 50-9,4.4,18036.0,15.0
"패티앤베지스
                                    (디타워 서울포레스트점)",서울시 성동구 성수동1가 685-700 디타워 스트리트동 B109호,4.4,1578.0,12.0
트헝뜨,서울시 강남구 삼성동 30-3 101호,4.4,3818.0,5.0
히바치,서울시 강남구 신사동 540-19 2F,4.4,4605.0,8.0
이화만두,서울시 광진구 능동 282-3,4.4,17584.0,15.0
다동 황소막창,서울시 중구 다동 51-2,4.4,55941.0,22.0
다차공간,서울시 종로구 관훈동 72 4F,4.4,1960.0,4.0
용산양꼬치,서울시 용산구 한강로1가 256 1F,4.4,54942.0,25.0
"효도치킨
                                    (광화문점)",서울시 종로구 내자동 197 1-2F,4.4,16436.0,22.0
양밍산,서울시 서대문구 연희동 727 1F,4.4,4486.0,7.0
"테일러 커피
                                    (더현대서울점)",서울시 영등포구 여의도동 22 더현대서울 B1,4.4,11585.0,27.0
"렌위치
                                    (1호점)",서울시 영등포구 여의도동 23 IFC몰 L2,4.4,12763.0,17.0
조개도,서울시 성동구 성수동2가 331-233,4.4,22946.0,15.0
청주한씨,서울시 성동구 성수동2가 316-23 B1,4.4,8031.0,7.0
전라상회,서울시 동작구 노량진동 334 노량진 수산물도매시장 1F 활어-161,4.4,71157.0,29.0
야키니쿠소문,서울시 용산구 보광동 217-66 1F,4.4,11775.0,8.0
떼뮤즐렛,서울시 서대문구 연희동 188-71 2F,4.4,24508.0,26.0
미강식당,서울시 송파구 잠실동 294-3 103호,4.4,15320.0,12.0
섬집,서울시 용산구 한강로3가 65-450,4.4,14011.0,13.0
락희,서울시 용산구 산천동 1-27 세방리버하이빌아파트정문 빨간벽돌집,4.4,1236.0,6.0
오오토리,서울시 중구 신당동 368-82,4.4,22802.0,13.0
아부라소바,서울시 강남구 논현동 116 B동 1F,4.4,3045.0,7.0
오꼬노미스토리,서울시 동작구 노량진동 256-61,4.4,57339.0,25.0
사사노하,서울시 송파구 송파동 85-12,4.4,18219.0,14.0
뚝도지기,서울시 성동구 성수동2가 335-35,4.4,13046.0,7.0
케빈의집,서울시 서초구 방배동 877-24 1F,4.4,9012.0,8.0
회떠유,서울시 서초구 반포동 742-6,4.4,593.0,4.0
드시소,서울시 성북구 정릉동 289-37 1F,4.4,9486.0,11.0
구을가,서울시 강남구 삼성동 34-19,4.4,18485.0,10.0
페이퍼플레이트,서울시 성동구 성수동2가 322-21,4.4,4694.0,7.0
나루떡볶이,서울시 광진구 광장동 258-22 B1,4.4,3123.0,6.0
자인뭉티기,서울시 서초구 서초동 1363-7 호원빌딩,4.4,28833.0,13.0
다이닝후,서울시 서대문구 충정로3가 190-19,4.4,15838.0,9.0
코미도리,서울시 강남구 역삼동 722 상가동 108호,4.4,4822.0,8.0
식캣사인,서울시 용산구 원효로1가 51-2 2F,4.4,3244.0,11.0
디브루잉,서울시 용산구 한남동 739-20 103호,4.4,381.0,5.0
옥자,서울시 마포구 연남동 241-42,4.4,6760.0,13.0
1989버거스탠드,서울시 마포구 동교동 113-25,4.4,6465.0,9.0
서백자간장게장,서울시 강남구 삼성동 151-4 석천빌딩,4.4,16290.0,14.0
키노키친,서울시 마포구 서교동 337-1 1F 1호,4.4,18872.0,14.0
라멘시미즈,서울시 종로구 신문로1가 238 신문로빌딩 B1 37호,4.4,3826.0,10.0
인생이막창이네,서울시 서대문구 창천동 53-33 1F,4.4,43597.0,22.0
리밀앤밀리,서울시 마포구 서교동 375-45 1F,4.4,10683.0,11.0
천상현의 천상,서울시 서초구 양재동 215 라시따델라모다 6F,4.4,2776.0,6.0
"웻핑거치즈스테이크
                                    (홍대점)",서울시 마포구 서교동 333-29,4.4,610.0,5.0
rivna,서울시 성동구 성수동1가 276-14,4.4,2935.0,4.0
한길포장마차,서울시 용산구 이촌동 301-154,4.4,27509.0,13.0
동강나루터,서울시 중구 수표동 56-10 백양빌딩,4.4,31053.0,16.0
비네트,서울시 강남구 역삼동 835-33 1F,4.4,3296.0,6.0
"잭슨피자
                                    (이촌점)",서울시 용산구 용산동5가 24 파크타워상가 1F B12호,4.4,22501.0,16.0
전주상회,서울시 마포구 연남동 226-29 106호,4.4,25950.0,13.0
"자매수산
                                    (강남점)",서울시 강남구 역삼동 619-30,4.4,16862.0,10.0
"리암스케이커리
                                    (도산점)",서울시 강남구 신사동 654-8,4.4,2659.0,8.0
미필담,서울시 마포구 합정동 370-4 1F,4.4,943.0,4.0
"정담은보쌈
                                    (북촌점)",서울시 종로구 계동 104-4,4.4,16646.0,9.0
원포셰,서울시 강남구 도곡동 457-4 1F,4.4,4896.0,8.0
홍산,서울시 중구 태평로2가 69-20 1F,4.4,3955.0,4.0
"조선델리더부티크
                                    (조선팰리스점)",서울시 강남구 역삼동 676 조선팰리스 24F,4.4,11214.0,8.0
오스테리아 파로,서울시 성동구 성수동1가 668-19 1F,4.4,19058.0,7.0
퀸즈베리도넛하우스,서울시 중구 신당동 377-43 1F,4.4,1573.0,5.0
토마루해물칼국수,서울시 송파구 잠실동 233-11,4.4,11152.0,9.0
춈,서울시 용산구 용산동2가 45-12 2F,4.4,1421.0,4.0
"서울로인
                                    (서울점)",서울시 중구 남대문로5가 541 서울스퀘어 B1 18호,4.4,14787.0,6.0
신흥정육식당,서울시 강동구 성내동 428-2 파크프라자 126호,4.4,14898.0,13.0
매일스시횟집,서울시 마포구 염리동 95-1,4.4,5665.0,7.0
잔상,서울시 서초구 양재동 244-3,4.4,457.0,5.0
히노카츠,서울시 강남구 도곡동 959-16 1F,4.4,6901.0,8.0
미국 양반통닭,서울시 용산구 이태원동 255-42,4.4,5065.0,6.0
상암회관,서울시 마포구 상암동 1597 1F,4.4,12564.0,10.0
대원집,서울시 중구 다동 124-2,4.4,16779.0,9.0
잘란연남,서울시 마포구 연남동 255-25,4.4,3362.0,6.0
고꿉집,서울시 강남구 역삼동 834-20 1F,4.4,1961.0,5.0
힐즈앤유로파,서울시 용산구 용산동2가 44-7 2F,4.4,5012.0,8.0
"가츠오
                                    (대치점)",서울시 강남구 대치동 923-8,4.4,1086.0,7.0
비일,서울시 용산구 청파동2가 71-74 B1,4.4,8952.0,10.0
고우마구로,서울시 동작구 상도1동 711,4.4,9397.0,7.0
"미트볼라운지
                                    (삼청점)",서울시 종로구 팔판동 27-5,4.4,5064.0,8.0
하얼빈양갈비엔양꼬치,서울시 송파구 송파동 9-9,4.4,500.0,4.0
쎄오쎄오,서울시 성북구 동선동2가 140 B1,4.4,4973.0,6.0
히바리,서울시 중구 서소문동 120-12 4F,4.4,9867.0,8.0
스시공간,서울시 강동구 천호동 415-28 1F,4.4,1707.0,5.0
"태양
                                    (용산점)",서울시 용산구 한강로1가 253,4.4,1251.0,4.0
카츠오도,서울시 관악구 신림동 537-20,4.4,7950.0,7.0
"칙피스
                                    (신세계백화점본점)",서울시 중구 충무로1가 52-5 신세계백화점 본점 B1,4.4,3568.0,5.0
정식당,서울시 강남구 청담동 83-24 2F,4.3,367910.0,205.0
메종엠오,서울시 서초구 방배동 876-41,4.3,213723.0,238.0
"프릳츠커피컴퍼니
                                    (1호점)",서울시 마포구 도화동 179-9,4.3,191113.0,343.0
크레이지카츠,서울시 마포구 합정동 391-5 2F,4.3,222978.0,323.0
"다운타우너
                                    (한남점)",서울시 용산구 한남동 684-77 1F,4.3,274138.0,432.0
"파이어벨
                                    (본점)",서울시 강남구 대치동 908-17 1F,4.3,285564.0,381.0
오스테리아샘킴,서울시 마포구 합정동 386-37,4.3,313934.0,185.0
몽탄,서울시 용산구 한강로1가 251-1,4.3,104110.0,157.0
"중화복춘
                                    (공원)",서울시 마포구 동교동 152-11 101호,4.3,293498.0,192.0
파올로데마리아,서울시 서대문구 연희동 79-4,4.3,221198.0,117.0
"을밀대
                                    (본점)",서울시 마포구 염리동 147-6,4.3,114877.0,376.0
잇텐고,서울시 마포구 합정동 396-14,4.3,231393.0,295.0
매니멀스모크하우스,서울시 용산구 이태원동 455-33 2F,4.3,489384.0,315.0
호머피자,서울시 용산구 한남동 683-108 2F,4.3,237349.0,233.0
깡통만두,서울시 종로구 재동 84-22 1F,4.3,357615.0,256.0
"다운타우너
                                    (청담점)",서울시 강남구 신사동 666-25 1F,4.3,216422.0,301.0
"리틀넥
                                    (청담점)",서울시 강남구 신사동 653-7,4.3,198003.0,195.0
바베네,서울시 강남구 논현동 49-3,4.3,281445.0,148.0
아날로그가든,서울시 마포구 서교동 446-58 1F,4.3,380870.0,245.0
로리스더프라임립,서울시 서초구 서초동 1317-23 GT타워 3F,4.3,336664.0,197.0
스시선수,서울시 강남구 신사동 651-16 호림아트센터 2빌딩,4.3,268676.0,95.0
쟝블랑제리,서울시 관악구 봉천동 1660-7,4.3,221018.0,338.0
옥동식,서울시 마포구 서교동 385-6,4.3,272716.0,248.0
"부타이
                                    (1막)",서울시 강남구 대치동 956-6 B1,4.3,148770.0,171.0
스시고,서울시 서초구 반포동 94-10,4.3,171727.0,68.0
삼창교자,서울시 강남구 신사동 517-34 1F,4.3,88950.0,111.0
보타르가,서울시 강남구 신사동 644 1F,4.3,78296.0,62.0
"버터밀크
                                    (본점)",서울시 마포구 창전동 6-131,4.3,295286.0,225.0
뜨락,서울시 강남구 청담동 130-13,4.3,94903.0,66.0
수타우동겐,경기도 성남시 분당구 야탑동 503,4.3,209558.0,233.0
빠오즈푸,서울시 광진구 군자동 361-32,4.3,226905.0,197.0
"미스터서왕만두
                                    (이대점)",서울시 서대문구 대현동 27-20 가이아오피스텔,4.3,293388.0,297.0
"정돈
                                    (강남점)",서울시 강남구 역삼동 601-29 1F,4.3,313460.0,232.0
스시 나미키,서울시 강남구 논현동 241-1 강남파라곤 S동 1F 103호,4.3,161893.0,46.0
"스시조
                                    (서울 웨스틴조선호텔)",서울시 중구 소공동 87-1 서울 웨스틴조선호텔 20F,4.3,127512.0,51.0
"칸다소바
                                    (경복궁점)",서울시 종로구 체부동 28-2 1F,4.3,194624.0,209.0
"임병주산동칼국수 
                                    (본점)",서울시 서초구 서초동 1365,4.3,205412.0,241.0
정인면옥,서울시 영등포구 여의도동 13-1 기독교침례회총회빌딩 1F,4.3,158959.0,205.0
나카지마고에몽,서울시 영등포구 영등포동7가 203 아크로타워스퀘어 상가동 B1 39호,4.3,102176.0,28.0
"능라도
                                    (강남점)",서울시 강남구 삼성동 151-7 싹아트센터 1F,4.3,77734.0,151.0
모찌방,서울시 강남구 대치동 905-21,4.3,112112.0,83.0
카사블랑카,서울시 용산구 용산동2가 44-7,4.3,238801.0,273.0
필동면옥,서울시 중구 필동3가 1-5,4.3,113289.0,263.0
"백년옥 
                                    (본점)",서울시 서초구 서초동 1450-6,4.3,247788.0,232.0
이다,서울시 종로구 권농동 141-5,4.3,53273.0,71.0
플랜트,서울시 용산구 이태원동 130-43 2F,4.3,143565.0,126.0
파이프그라운드,서울시 용산구 한남동 727-21 B1,4.3,101387.0,134.0
옥돌현옥,서울시 송파구 가락동 19-7,4.3,24065.0,69.0
한림돈가,서울시 서대문구 창천동 52-124 1F,4.3,174258.0,124.0
라망시크레,서울시 중구 회현동1가 210 레스케이프 호텔 26F,4.3,33949.0,30.0
사랑방칼국수,서울시 중구 충무로3가 23-1,4.3,286047.0,209.0
"봉피양
                                    (방이점)",서울시 송파구 방이동 205-8,4.3,140545.0,163.0
홍명,서울시 강남구 논현동 37-9 미현빌딩 1F,4.3,158603.0,125.0
스시사카우,서울시 강남구 신사동 627-27 B1,4.3,25628.0,30.0
"유유안
                                    (포시즌스호텔 서울)",서울시 종로구 당주동 30 포시즌스호텔 서울 11F,4.3,153157.0,52.0
오린지,서울시 송파구 송파동 30-7,4.3,72763.0,102.0
모로코코 카페,서울시 용산구 용산동2가 45-9,4.3,122519.0,100.0
묵전,서울시 강남구 신사동 645-11,4.3,265972.0,167.0
제이엘 디저트바,서울시 용산구 한남동 744-34,4.3,41246.0,76.0
미엔아이,서울시 송파구 송파동 55 1F,4.3,138962.0,130.0
이이요,서울시 광진구 능동 225-1,4.3,177803.0,146.0
에그앤플라워,서울시 용산구 용산동2가 1-549 2F,4.3,55362.0,53.0
스시 시미즈,서울시 강남구 신사동 631-18 B1,4.3,71251.0,28.0
오근내 닭갈비,서울시 용산구 한강로3가 40-90,4.3,137572.0,160.0
비스트로 루틴,서울시 용산구 한남동 684-106 1F,4.3,226283.0,120.0
우마담,서울시 마포구 서교동 396-46 2F,4.3,206887.0,31.0
연교,서울시 마포구 연남동 383-95 1F,4.3,60309.0,84.0
맘맘테이블,서울시 서대문구 창천동 13-13,4.3,149090.0,184.0
진진,서울시 마포구 서교동 469-67 1F,4.3,112115.0,96.0
"멘야하나비
                                    (신사점)",서울시 서초구 잠원동 10-44,4.3,124791.0,153.0
메종드라카테고리,서울시 강남구 청담동 85 송은아트스페이스,4.3,154025.0,106.0
어반플랜트,서울시 마포구 합정동 363-28,4.3,91842.0,92.0
청류벽,서울시 서초구 서초동 1327-29 105호,4.3,115464.0,77.0
선데이버거클럽,서울시 강남구 신사동 642-8 201호,4.3,26027.0,63.0
초원,서울시 용산구 남영동 80-4,4.3,50194.0,55.0
황평집닭곰탕,서울시 중구 인현동2가 135-13,4.3,111255.0,94.0
야끼소바니주마루,서울시 송파구 송파동 13-18 1F,4.3,119523.0,109.0
로컬릿,서울시 성동구 옥수동 201-1 2F,4.3,68552.0,50.0
양키스 버거&피자,서울시 영등포구 문래동3가 58-75,4.3,105216.0,108.0
아루히,서울시 영등포구 여의도동 35-5 2F,4.3,95581.0,34.0
"모터시티
                                    (역삼점)",서울시 강남구 역삼동 736-1 아크플레이스 어반스코트 1F,4.3,114540.0,115.0
비아 메렝게,서울시 서대문구 창천동 45-9 1F,4.3,168653.0,121.0
삼청동수제비,서울시 종로구 삼청동 99,4.3,94819.0,275.0
마일스톤커피,서울시 강남구 신사동 554-4,4.3,85027.0,115.0
스시이마,서울시 은평구 역촌동 9-60 1F,4.3,96223.0,29.0
스시쇼우,서울시 서초구 반포동 94-17 2F,4.3,28606.0,25.0
스시다원,서울시 송파구 삼전동 4 1F,4.3,13586.0,23.0
"테일러커피
                                    (서교점)",서울시 마포구 서교동 338-2 소로몰,4.3,106623.0,163.0
호루몬,서울시 강남구 신사동 631-17 2F,4.3,53054.0,41.0
광화문국밥,서울시 중구 정동 1-48,4.3,127462.0,128.0
"르빵
                                    (명동성당점)",서울시 중구 명동2가 1-1,4.3,203344.0,104.0
또순이네,서울시 영등포구 양평동4가 81,4.3,132324.0,114.0
"대한옥
                                    (1호점)",서울시 영등포구 영등포동2가 221-1,4.3,129090.0,104.0
코끼리베이글,서울시 영등포구 양평동3가 69,4.3,62934.0,101.0
"동경산책
                                    (샤로수길점)",서울시 관악구 봉천동 1604-8 2F,4.3,116647.0,111.0
"오월의종
                                    (타임스퀘어점)",서울시 영등포구 영등포동4가 442,4.3,121688.0,121.0
"나인스게이트
                                    (서울 웨스틴조선호텔)",서울시 중구 소공동 87-1 서울 웨스틴조선호텔 LF,4.3,164805.0,47.0
"바다회사랑
                                    (1호점)",서울시 마포구 연남동 566-8,4.3,283684.0,168.0
고른햇살,서울시 성북구 안암동5가 101-28,4.3,251454.0,271.0
"플레이버즈
                                    (JW메리어트 호텔 서울)",서울시 서초구 반포동 19-3 JW메리어트 호텔 서울 2F,4.3,82746.0,39.0
"베이크
                                    (신세계백화점강남점)",서울시 서초구 반포동 19-3 신세계백화점 강남점 B1,4.3,175705.0,177.0
일무레또,서울시 강남구 신사동 556-12,4.3,81786.0,35.0
"앤트러사이트
                                    (서교점)",서울시 마포구 서교동 475-22,4.3,42681.0,69.0
"아키라백
                                    (포시즌스호텔 서울)",서울시 종로구 당주동 30 포시즌스호텔 서울 12F,4.3,60900.0,32.0
"오월의종
                                    (한남점)",서울시 용산구 한남동 743-8,4.3,149765.0,195.0
치즈룸,서울시 강남구 신사동 603 안다즈호텔 B1 112호,4.3,65601.0,63.0
스시인,서울시 강남구 신사동 645-28 3F,4.3,54371.0,24.0
고료리 켄,서울시 강남구 신사동 631-28 2F,4.3,95562.0,22.0
"고트델리
                                    (문래점)",서울시 영등포구 문래동2가 56-2 2F,4.3,33309.0,42.0
쁠로13,서울시 강남구 논현동 13-2 1F,4.3,88443.0,81.0
가양칼국수버섯매운탕,서울시 영등포구 여의도동 43-3 홍우빌딩 B1,4.3,198217.0,171.0
창신육회,서울시 종로구 종로4가 165-3,4.3,149342.0,153.0
창신육회,서울시 종로구 종로4가 165-3,4.3,149343.0,153.0
미가양고기,경기도 용인시 수지구 풍덕천동 724-3,4.3,105412.0,88.0
카라멘야,서울시 서대문구 창천동 53-97 1F,4.3,65847.0,113.0
보타이,서울시 강동구 성내동 111-55 한스빌딩 1F,4.3,127347.0,85.0
쎄쎄종,서울시 강남구 논현동 99-21 주영빌딩 1F,4.3,60920.0,58.0
"형제상회
                                    (노량진본점)",서울시 동작구 노량진동 334 노량진수산시장 1F 활어-172,4.3,447658.0,123.0
"은화계
                                    (신당점)",서울시 중구 신당동 248-2 금성빌딩 1F,4.3,61273.0,49.0
"모터시티
                                    (잠실점)",서울시 송파구 송파동 42-6 2F,4.3,171559.0,93.0
"하이디라오
                                    (서초지점)",서울시 서초구 서초동 1303-37 W-TOWER 2F,4.3,210986.0,130.0
"대흥양다리바베큐
                                    (건대점)",서울시 광진구 자양동 6-20 1F,4.3,121608.0,60.0
봇타야산,서울시 서초구 방배동 751-1 배원빌딩 2F,4.3,70063.0,22.0
볼라레,서울시 서초구 반포동 107-2,4.3,100057.0,94.0
한냄비,서울시 용산구 한남동 631-17,4.3,135830.0,77.0
"봉산옥
                                    (서초동점)",서울시 서초구 서초동 1451-9 조강빌딩,4.3,198074.0,121.0
"테판
                                    (그랜드하얏트 서울)",서울시 용산구 한남동 747-7 그랜드하얏트 서울 호텔,4.3,26901.0,22.0
까이식당,서울시 서대문구 대현동 53-10  1F,4.3,184125.0,143.0
월래순교자관,서울시 구로구 가리봉동 127-5,4.3,75177.0,66.0
"야스노야지로
                                    (압구정점)",서울시 강남구 신사동 569-25 1F,4.3,35418.0,36.0
루트에브리데이,서울시 용산구 한남동 741-19 2F,4.3,130013.0,92.0
몽크스부처,서울시 용산구 한남동 683-126 3-4F,4.3,166093.0,50.0
한남작업실,서울시 용산구 한남동 745-2,4.3,69570.0,65.0
Restaurant RIPE,서울시 강남구 삼성동 169-8 9F,4.3,160791.0,16.0
스시코야,서울시 동대문구 답십리동 542-1 1F,4.3,14377.0,13.0
온천집,서울시 종로구 익선동 128-3,4.3,76482.0,56.0
멘텐 (휴업중),서울시 중구 충무로2가 12-3 동북빌딩 1F,4.3,132546.0,95.0
마테오견문록,서울시 성동구 금호동4가 235,4.3,43707.0,33.0
조연탄,서울시 강서구 화곡동 782-12,4.3,107828.0,67.0
헴라갓,서울 강남구 역삼동 741-47,4.3,63430.0,39.0
"제스티살룬
                                    (성수점)",서울시 성동구 성수동1가 668-30 1F,4.3,49178.0,85.0
스시오마주,서울시 강남구 신사동 540-19 B1 102호,4.3,14234.0,18.0
솔밤,서울시 강남구 신사동 629-38 4F,4.3,15245.0,11.0
부첼리하우스,서울시 용산구 한남동 1-90,4.3,56807.0,33.0
"하동관
                                    (코엑스몰 직영점)",서울시 강남구 삼성동 159 코엑스몰 B1 J101호 ,4.3,189874.0,185.0
"땅코참숯구이
                                    (역삼점)",서울시 강남구 역삼동 835,4.3,65250.0,58.0
하레,서울시 서초구 서초동 1697-11 1F,4.3,114119.0,53.0
"큐뮬러스
                                    (강남점)",서울시 서초구 서초동 1339-9 1F,4.3,61833.0,52.0
신사약방,서울시 서초구 잠원동 26-12 1F,4.3,13420.0,19.0
스시다온,서울시 성북구 석관동 133-95 1F,4.3,13853.0,17.0
"세시셀라
                                    (판교 아브뉴프랑점)",경기도 성남시 분당구 삼평동 740 아브뉴프랑 1F 125호,4.3,134531.0,137.0
Meatique,서울시 용산구 원효로1가 121-76 미트랩 2F,4.3,88734.0,19.0
로스트앤파운드,서울시 중구 초동 17-2 2F 202호,4.3,32023.0,30.0
"이도곰탕
                                    (본점)",서울시 강남구 역삼동 671-17,4.3,121221.0,126.0
페니힐스커피스테이션,서울시 동작구 사당동 1042-13 1F,4.3,124833.0,105.0
"도림
                                    (롯데호텔서울)",서울시 중구 소공동 1 롯데호텔서울 본관 37F,4.3,125566.0,34.0
호루몬규상,서울시 강남구 논현동 98-12 다동 103호,4.3,26184.0,25.0
화이트와인개러지,서울시 강남구 청담동 12-15 B1,4.3,21250.0,17.0
"삼원가든 
                                    (본점)",서울시 강남구 신사동 623-5,4.3,46693.0,69.0
모노로그,서울시 강남구 논현동 10-7,4.3,33210.0,19.0
뚝배기집,서울시 종로구 관철동 5-1,4.3,354295.0,145.0
올라아보,서울시 동작구 사당동 147-29 이수자이 116호,4.3,116906.0,82.0
"디라이프스타일키친
                                    (광화문점)",서울시 중구 태평로1가 84 서울파이낸스센터 B1 101호,4.3,74487.0,49.0
이누식당,서울시 서초구 방배동 850-31,4.3,98271.0,49.0
신양로스터스,서울시 송파구 송파동 48-15,4.3,35383.0,38.0
엘레나영,서울시 강남구 청담동 121-52,4.3,7782.0,16.0
광화문뚝감,서울시 종로구 당주동 128-14,4.3,145473.0,118.0
"다운타우너
                                    (안국점)",서울시 종로구 재동 85-3 1F,4.3,47161.0,85.0
만동제과,서울시 서대문구 창천동 448,4.3,38865.0,61.0
함반,서울시 마포구 합정동 393-11 1F,4.3,17616.0,28.0
라이라이켄,서울시 관악구 봉천동 851-14,4.3,56764.0,77.0
트로이카,서울시 용산구 이태원동 72-32 5F,4.3,26257.0,33.0
푸드더즈매터,서울시 서초구 반포동 97-5 1F,4.3,26308.0,27.0
반창고,서울시 용산구 이태원동 224-1 B1,4.3,35223.0,21.0
"바다회사랑
                                    (2호점)",서울시 마포구 서교동 461-25,4.3,103384.0,85.0
"우동카덴
                                    (연희점)",서울시 서대문구 연희동 81-1 거화빌딩 1F,4.3,51898.0,85.0
부민옥,서울시 중구 다동 177-2,4.3,136955.0,71.0
우정양곱창,서울시 강남구 논현동 67-11 1F,4.3,54147.0,40.0
델픽,서울시 종로구 계동 133-6,4.3,16945.0,33.0
"금고깃집
                                    (마곡본점)","서울시 강서구 마곡동 772-8 109호, 203-205호",4.3,32677.0,33.0
더라운드,서울시 강남구 청담동 3-16 1F,4.3,81998.0,32.0
몰타참치,서울시 강남구 대치동 891-46,4.3,117255.0,46.0
무드서울,서울시 서초구 반포동 650 솔빛섬 1-2F,4.3,10808.0,16.0
헬무트커피로스터스,서울시 서초구 방배동 453-22,4.3,29561.0,49.0
조용한저녁,서울시 마포구 창전동 2-31,4.3,70298.0,44.0
천년식향,서울시 서초구 서초동 1443-4 3F,4.3,45285.0,18.0
"하얼빈양꼬치
                                    (잠실본점)",서울시 송파구 잠실동 207-17 1F,4.3,133081.0,47.0
네기스키야키,서울시 강남구 신사동 603 B1,4.3,52133.0,21.0
계류관,서울시 중구 황학동 717 102-103호,4.3,23743.0,28.0
우라만,서울시 용산구 이태원동 261-41 1F,4.3,162582.0,16.0
"양식당더램키친
                                    (2호점)",서울시 강남구 신사동 529-6,4.3,137135.0,68.0
데일리픽스,서울시 강남구 역삼동 823-16 102호,4.3,8298.0,28.0
통의동 국빈관,서울시 종로구 통의동 38 1F,4.3,47297.0,26.0
양인환대,서울시 용산구 한강로2가 143-1 101호,4.3,46295.0,28.0
라꾸긴,서울시 구로구 구로동 98-4,4.3,39404.0,23.0
컨플릭트 스토어,서울시 강남구 신사동 543,4.3,49334.0,59.0
비플레이트 바이 브라운브레드,서울시 강남구 도곡동 456-7,4.3,158243.0,75.0
조대포,서울시 용산구 남영동 82-3,4.3,46543.0,72.0
나루토 오모테나시,서울시 마포구 서교동 399-6 11F,4.3,5168.0,13.0
육성회비,서울시 광진구 화양동 37-93 1F,4.3,93575.0,61.0
다피타,서울시 서초구 서초동 1487-3,4.3,71547.0,52.0
옥기린,서울시 송파구 잠실동 192-1 1F,4.3,43604.0,19.0
하니칼국수,서울시 중구 흥인동 38,4.3,17817.0,51.0
우리바다수산,서울시 마포구 성산동 649-5,4.3,57480.0,44.0
"신동궁감자탕뼈숯불구이
                                    (선릉직영점)",서울시 강남구 대치동 890-44,4.3,63480.0,90.0
할머니포장마차멸치국수,서울시 송파구 방이동 49-5 올림픽파크촌,4.3,109407.0,60.0
유용욱바베큐연구소,서울시 용산구 남영동 28-11 남영아케이드,4.3,53449.0,10.0
고급오복수산,서울시 강남구 신사동 603 안다즈호텔 B1,4.3,61256.0,53.0
어쩌다산책,서울시 종로구 동숭동 1-83 B1,4.3,78962.0,50.0
크래프티,서울시 관악구 봉천동 1625-16 2F,4.3,14971.0,20.0
아우프글렛,서울시 성동구 금호동1가 1801-4 1F,4.3,33301.0,63.0
스기타마,서울시 강남구 청담동 7-27 101호,4.3,49891.0,18.0
유원설렁탕,서울시 송파구 삼전동 3-3 금화빌딩,4.3,33775.0,36.0
"화목순대국전문
                                    (광화문 1호점)",서울시 종로구 당주동 40,4.3,88727.0,97.0
제일곱창,서울시 성동구 홍익동 131-1,4.3,59798.0,53.0
"한성칼국수
                                    (논현 본점)",서울시 강남구 논현동 98-12 청호상가빌딩 가동 2F,4.3,36702.0,50.0
레스토랑 알렌,서울시 강남구 역삼동 676 EAST E205호,4.3,10643.0,10.0
"뎁짜이
                                    (대학로점)",서울시 종로구 명륜4가 170-2,4.3,92367.0,75.0
반타이,서울시 종로구 재동 94-1,4.3,66590.0,49.0
PPS,서울시 용산구 한강로2가 86-1,4.3,19919.0,34.0
경평면옥,서울시 강남구 삼성동 152 윤빈빌딩 2F,4.3,21491.0,26.0
알고기,서울시 강남구 청담동 80-17,4.3,63927.0,22.0
이찌이스시,서울시 종로구 내수동 74 B1 114호,4.3,29163.0,18.0
에브리띵베이글,서울시 서대문구 연희동 130-2 1F,4.3,25527.0,45.0
"위트앤미트
                                    (강남점)",서울시 강남구 역삼동 616-4 1F,4.3,46541.0,32.0
혼고기,서울시 중구 신당동 397-4,4.3,9528.0,7.0
육화식당,서울시 송파구 방이동 70 유성빌딩,4.3,37048.0,33.0
라오빠빠,서울시 송파구 가락동 18-5 1F,4.3,22468.0,32.0
냠냠물고기,서울시 송파구 가락동 74-5,4.3,33915.0,22.0
신세계떡볶이,서울시 중구 명동1가 10-5,4.3,86072.0,60.0
미방,경기도 성남시 분당구 정자동 17-1,4.3,101706.0,62.0
차차 티클럽,서울시 종로구 창신동 461-2,4.3,18741.0,22.0
안동반점,서울시 성북구 보문동1가 53,4.3,24376.0,36.0
렁팡스,서울시 종로구 신문로2가 1-102 3F,4.3,1706.0,10.0
"르프리크
                                    (더현대서울점)",서울시 영등포구 여의도동 22 더현대서울 B1,4.3,35621.0,56.0
학술적연구소,서울시 종로구 숭인동 1139 1F,4.3,41169.0,38.0
REVEAT,서울시 용산구 한남동 60-76 1F,4.3,67834.0,17.0
"곰바위
                                    (본점)",서울시 강남구 삼성동 76-10,4.3,109934.0,45.0
"이남장
                                    (을지로 본점)",서울시 중구 을지로2가 101-32,4.3,51088.0,37.0
뀌쏭82,서울시 강남구 도곡동 453-16 아성빌딩 1F,4.3,69221.0,34.0
"빠오즈푸
                                    (서울숲직영점)",서울시 성동구 성수동1가 656-1082 1F,4.3,53741.0,39.0
영동설렁탕,서울시 서초구 잠원동 10-53,4.3,40167.0,70.0
줘마양다리구이,서울시 영등포구 대림동 1056-7,4.3,79000.0,44.0
"덕후선생
                                    (광화문디타워점)",서울시 종로구 청진동 246 D타워 리플레이스광화문 4F,4.3,33766.0,25.0
양송이식당,서울시 마포구 신수동 404-2 1F,4.3,19018.0,23.0
벱,서울시 성동구 성수동2가 321-21,4.3,47653.0,46.0
"페닌슐라
                                    (롯데호텔서울)",서울시 중구 소공동 1 롯데호텔서울 본관 1F,4.3,18223.0,21.0
"차만다
                                    (도곡점)",서울시 강남구 도곡동 412-8,4.3,14223.0,19.0
패딩턴,서울시 성동구 금호동3가 225,4.3,11181.0,12.0
서울다이닝,서울시 중구 장충동2가 190-10 Welcomm City,4.3,26193.0,16.0
리틀넥 한남,서울시 용산구 한남동 727-21 1F,4.3,43306.0,41.0
팔백집,서울시 성북구 동선동2가 172 1F,4.3,55344.0,38.0
오근내2닭갈비,서울시 용산구 한강로3가 40-9 용일빌딩,4.3,26581.0,56.0
애호락,서울시 종로구 계동 107-1 2F,4.3,21776.0,23.0
베이커리무이,서울시 용산구 원효로1가 28-1 1F,4.3,8294.0,17.0
안덕,서울시 종로구 옥인동 19-53 1F,4.3,9785.0,17.0
"아티장베이커스
                                    (한남점)",서울시 용산구 한남동 30-3 1F,4.3,96804.0,61.0
길상양꼬치,서울시 서대문구 창천동 57-34,4.3,64931.0,54.0
돈멜,경기도 성남시 분당구 정자동 66-16 1F,4.3,38206.0,37.0
스시이젠,서울시 용산구 한강로2가 422 래미안용산 더 센트럴 B2 247호,4.3,11427.0,9.0
"브루클린더버거조인트
                                    (여의도점)",서울시 영등포구 여의도동 23-10 삼성생명빌딩 1F 2호,4.3,56688.0,43.0
사녹,서울시 서초구 잠원동 18-3,4.3,42132.0,21.0
소울다이닝,서울시 용산구 용산동2가 1-549 바나힐 B1,4.3,9828.0,12.0
호별관,서울시 강남구 논현동 233-4 1F,4.3,18143.0,17.0
"파스텔커피웍스
                                    (본점)",서울시 마포구 합정동 371-18,4.3,14509.0,17.0
"스시사쿠
                                    (송도점)",인천시 연수구 송도동 174-1 119호,4.3,50969.0,27.0
오리에,서울시 서초구 방배동 876-37 1F,4.3,26524.0,22.0
원기옥,서울시 성동구 성수동2가 280 성수SK1CENTER 109호,4.3,28017.0,13.0
"폴앤폴리나
                                    (여의도점)",서울시 영등포구 여의도동 37 아일렉스상가 1F,4.3,138283.0,103.0
도트블랭킷,서울시 종로구 안국동 83,4.3,49785.0,40.0
7th Door,서울시 강남구 청담동 69-5 4F,4.3,14459.0,7.0
구찌 오스테리아 서울,서울시 용산구 한남동 737-24,4.3,6865.0,5.0
노브13,서울시 종로구 체부동 18-9 1F,4.3,52435.0,28.0
애즈라이크,서울시 종로구 통의동 7-33 1F,4.3,22286.0,24.0
B3713,서울시 강남구 청담동 37-13,4.3,9477.0,10.0
어제의 카레,서울시 용산구 보광동 273-2 1F,4.3,28957.0,39.0
"담산
                                    (신촌본점)",서울시 서대문구 창천동 72-5 1F,4.3,92320.0,54.0
"램랜드
                                    (본점)",서울시 마포구 용강동 494-32,4.3,50047.0,34.0
라비앙코코,서울시 용산구 이태원동 455-23 1F,4.3,17093.0,19.0
끌라시끄,서울시 용산구 보광동 265-255,4.3,9871.0,16.0
사카바게라게라,서울시 송파구 삼전동 6-8,4.3,10148.0,15.0
정정,서울시 마포구 대흥동 466-5,4.3,15902.0,23.0
퀴진라끌레,서울시 종로구 통인동 135-2,4.3,26674.0,21.0
더리얼치즈버거,서울시 마포구 서교동 330-3 1F,4.3,18921.0,26.0
독도수산,서울시 동작구 노량진동 334 노량진수산시장 신관 1F 활어2-4호,4.3,35003.0,25.0
대련집,서울시 종로구 관수동 163,4.3,39712.0,34.0
"오리지널팬케이크하우스
                                    (도곡점)",서울시 강남구 도곡동 174-3 1F,4.3,106804.0,30.0
김씨마구로,서울시 동작구 노량진동 13-6 노량진수산물도매시장 신시장 2F,4.3,81610.0,28.0
"고트델리
                                    (서촌점)",서울시 종로구 누하동 100 1F,4.3,18211.0,30.0
봉쥬르스고이,서울시 용산구 이태원동 225-170 B1,4.3,5446.0,14.0
"카츠8
                                    (강남점)",서울시 서초구 서초동 1320-10 삼선전자 서초사옥 B1,4.3,50044.0,40.0
히타토제면소,서울시 종로구 통인동 159 1F,4.3,50505.0,37.0
아키야라멘,서울시 마포구 합정동 368-51 1F,4.3,15991.0,25.0
코블러,서울시 종로구 내자동 157,4.3,44375.0,39.0
라쿠엔,서울시 종로구 낙원동 6 1F,4.3,3479.0,9.0
더진미평냉,서울시 서초구 서초동 1623-3 피앤디 솔로빌 B2,4.3,12542.0,30.0
명성횟집,부산시 동구 수정동 207-20,4.3,103188.0,31.0
쵸리상경,서울시 성동구 성수동1가 668-79 2F,4.3,66952.0,28.0
녹원쌈밥,서울시 서대문구 연희동 82-3,4.3,104386.0,56.0
촛불1978,서울시 중구 예장동 8-38,4.3,48150.0,31.0
누랑즈뉘,서울시 용산구 이태원동 375-1,4.3,72102.0,20.0
정든그릇,서울시 마포구 대흥동 325-13 1F 101호,4.3,6800.0,15.0
"란주쿠
                                    (삼성점)",서울시 강남구 삼성동 149-24 예논빌딩,4.3,26200.0,20.0
우노네,서울시 마포구 상암동 13-15 1F,4.3,13853.0,14.0
이박사의 신동막걸리,서울시 마포구 용강동 494-41 2F,4.3,24848.0,12.0
송파감자국,서울시 송파구 석촌동 273 영신빌딩 1F,4.3,56483.0,51.0
영미김밥,서울시 서대문구 대현동 110-7 1F,4.3,73929.0,53.0
개성철렵,서울시 종로구 삼청동 28-19 RH타운 1F,4.3,4327.0,12.0
진미한우곱창,서울시 강동구 길동 381-11,4.3,81270.0,31.0
"마이니치라멘
                                    (2호점)",서울시 강남구 삼성동 40-13 1F,4.3,18399.0,25.0
부토,서울시 용산구 한남동 729-91 2F,4.3,146412.0,17.0
가네끼스시,서울시 동작구 신대방동 395-69 보라매아카데미타워 2F,4.3,40975.0,15.0
"송화산시도삭면
                                    (분점)",서울시 광진구 자양동 6-63,4.3,16590.0,29.0
모노톤베이크하우스,경기도 성남시 분당구 정자동 86-6 1F,4.3,50837.0,28.0
동락,서울시 송파구 가락동 8-1 101호,4.3,15740.0,20.0
스시우토,서울시 서초구 방배동 797-8 3F,4.3,6172.0,7.0
칸다소바,서울시 마포구 상수동 91-3,4.3,24339.0,53.0
청화집,충청남도 천안시 동남구 병천면 병천리 167-6,4.3,111104.0,38.0
국일따로국밥,대구시 중구 전동 7-1,4.3,51829.0,37.0
명월집,경기도 가평군 청평면 청평리 714-4,4.3,96796.0,22.0
페스카,서울시 은평구 대조동 199-18 1F,4.3,5541.0,18.0
델리노쉬,서울시 종로구 통인동 147-4 1F,4.3,14581.0,14.0
세림,서울시 중구 다동 175,4.3,15653.0,13.0
파이브브루잉,서울시 서초구 방배동 876-31,4.3,2192.0,11.0
우이락,서울시 마포구 망원동 411-21 망원시장 내,4.3,27442.0,30.0
라까예,서울시 중구 황학동 458,4.3,4195.0,10.0
성북동집,서울시 성북구 성북동 91,4.3,69807.0,41.0
영동소금구이,서울시 강남구 논현동 163 1F,4.3,72262.0,28.0
레스토랑덱스터,서울시 강남구 청담동 12-12 B1,4.3,23838.0,22.0
페스타바이민구,서울시 중구 장충동2가 201,4.3,28274.0,15.0
청송산오징어,서울시 관악구 남현동 1065-1 경도빌딩,4.3,77107.0,36.0
미트로칼,서울시 용산구 한남동 96-3 신성미소시티 1동 107-2호,4.3,15811.0,19.0
산청숯불가든,서울시 강서구 마곡동 791-9 102-108호,4.3,2212.0,12.0
을지로양대장,서울시 중구 을지로3가 348-4 2F,4.3,56822.0,18.0
"효도치킨
                                    (한남점)",서울시 용산구 한남동 686-63,4.3,28412.0,28.0
야키토리초리,서울시 강남구 신사동 662-16 101호,4.3,1967.0,6.0
"챔프커피
                                    (현대백화점 무역센터점)",서울시 강남구 삼성동 159-7 현대백화점 무역센터점 B1,4.3,52986.0,38.0
"우동가조쿠
                                    (성수점)",서울시 성동구 성수동2가 301-53,4.3,14152.0,31.0
탄산바,서울시 용산구 한남동 743-38,4.3,16303.0,18.0
"르와조
                                    (역삼)",서울시 강남구 역삼동 640-21 1F,4.3,6325.0,18.0
보보식당,서울시 강남구 신사동 640-2 103호,4.3,9425.0,11.0
테이스티버거,서울시 마포구 상수동 317-2 행운빌딩 1F,4.3,37833.0,37.0
키헤이커피,서울시 강남구 삼성동 119-17 재정빌딩 1F 101호,4.3,10230.0,21.0
야경,서울시 마포구 연남동 226-22 101호,4.3,63947.0,27.0
히노야마,서울시 양천구 신정동 321-6 센트럴프라자 119호,4.3,21663.0,25.0
"제주도그릴특상
                                    (본점)",서울시 은평구 녹번동 161-5 1F,4.3,14768.0,19.0
갓포마코토,서울시 강남구 신사동 635-4 2F,4.3,21731.0,17.0
파인앤코,서울시 강남구 신사동 657 B1,4.3,13589.0,15.0
물고기주택,서울시 용산구 한강로2가 87-8,4.3,43565.0,24.0
네기우나기야,서울시 송파구 신천동 29-1 소피텔앰배서더 2F,4.3,28318.0,14.0
스시야스다,서울시 서초구 서초동 1675-10 지에스타워 203호,4.3,11492.0,6.0
Thursday Stuffing,서울시 서대문구 연희동 133-10,4.3,20271.0,26.0
